[{"model": "admin.logentry", "pk": 1, "fields": {"action_time": "2024-01-15T21:03:01.822Z", "user": 1, "content_type": 15, "object_id": "2", "object_repr": "8DE259BBECD4413895AA35CBA4CA4CB4", "action_flag": 3, "change_message": ""}}, {"model": "admin.logentry", "pk": 2, "fields": {"action_time": "2024-01-15T21:03:01.832Z", "user": 1, "content_type": 15, "object_id": "1", "object_repr": "DB51601EF4774C83A08BBFECDC04725D", "action_flag": 3, "change_message": ""}}, {"model": "admin.logentry", "pk": 3, "fields": {"action_time": "2024-01-16T01:12:18.095Z", "user": 1, "content_type": 8, "object_id": "1", "object_repr": "rockypraxe@gmail.com", "action_flag": 2, "change_message": "[{\"changed\": {\"fields\": [\"Verified\"]}}]"}}, {"model": "admin.logentry", "pk": 4, "fields": {"action_time": "2024-01-16T01:12:42.776Z", "user": 1, "content_type": 4, "object_id": "2", "object_repr": "filip", "action_flag": 3, "change_message": ""}}, {"model": "admin.logentry", "pk": 5, "fields": {"action_time": "2024-01-16T01:13:32.226Z", "user": 1, "content_type": 4, "object_id": "3", "object_repr": "Filip", "action_flag": 3, "change_message": ""}}, {"model": "admin.logentry", "pk": 6, "fields": {"action_time": "2024-01-16T01:19:40.199Z", "user": 1, "content_type": 4, "object_id": "4", "object_repr": "Majka", "action_flag": 2, "change_message": "[{\"changed\": {\"fields\": [\"Email address\"]}}]"}}, {"model": "admin.logentry", "pk": 7, "fields": {"action_time": "2024-01-16T01:20:08.455Z", "user": 1, "content_type": 4, "object_id": "4", "object_repr": "Majka", "action_flag": 2, "change_message": "[]"}}, {"model": "admin.logentry", "pk": 8, "fields": {"action_time": "2024-01-16T01:23:48.398Z", "user": 4, "content_type": 8, "object_id": "2", "object_repr": "majka@gmail.com", "action_flag": 2, "change_message": "[]"}}, {"model": "admin.logentry", "pk": 9, "fields": {"action_time": "2024-01-16T01:23:56.422Z", "user": 4, "content_type": 8, "object_id": "2", "object_repr": "majka@gmail.com", "action_flag": 2, "change_message": "[{\"changed\": {\"fields\": [\"Verified\"]}}]"}}, {"model": "admin.logentry", "pk": 10, "fields": {"action_time": "2024-01-16T20:13:17.852Z", "user": 4, "content_type": 14, "object_id": "19", "object_repr": "test2", "action_flag": 3, "change_message": ""}}, {"model": "admin.logentry", "pk": 11, "fields": {"action_time": "2024-01-16T20:13:17.854Z", "user": 4, "content_type": 14, "object_id": "18", "object_repr": "teesss", "action_flag": 3, "change_message": ""}}, {"model": "admin.logentry", "pk": 12, "fields": {"action_time": "2024-01-23T01:24:50.294Z", "user": 1, "content_type": 4, "object_id": "6", "object_repr": "boyib", "action_flag": 3, "change_message": ""}}, {"model": "admin.logentry", "pk": 13, "fields": {"action_time": "2024-01-23T01:24:50.296Z", "user": 1, "content_type": 4, "object_id": "8", "object_repr": "caxe", "action_flag": 3, "change_message": ""}}, {"model": "admin.logentry", "pk": 14, "fields": {"action_time": "2024-01-23T01:24:50.299Z", "user": 1, "content_type": 4, "object_id": "9", "object_repr": "foboo", "action_flag": 3, "change_message": ""}}, {"model": "admin.logentry", "pk": 15, "fields": {"action_time": "2024-01-23T01:24:50.301Z", "user": 1, "content_type": 4, "object_id": "10", "object_repr": "laji", "action_flag": 3, "change_message": ""}}, {"model": "admin.logentry", "pk": 16, "fields": {"action_time": "2024-01-23T01:24:50.302Z", "user": 1, "content_type": 4, "object_id": "7", "object_repr": "vira", "action_flag": 3, "change_message": ""}}, {"model": "admin.logentry", "pk": 17, "fields": {"action_time": "2024-01-23T01:24:50.303Z", "user": 1, "content_type": 4, "object_id": "11", "object_repr": "xoray", "action_flag": 3, "change_message": ""}}, {"model": "admin.logentry", "pk": 18, "fields": {"action_time": "2024-01-23T17:11:12.998Z", "user": 1, "content_type": 8, "object_id": "10", "object_repr": "dario@gmail.com", "action_flag": 2, "change_message": "[{\"changed\": {\"fields\": [\"Verified\"]}}]"}}, {"model": "auth.user", "pk": 1, "fields": {"password": "pbkdf2_sha256$260000$CZh9eJm5XzZzvGEOjXcFEA$lC28uIGF/GlSuSangbE32VEMNOkSCBmEFz4rK+TIW4Y=", "last_login": "2024-01-24T15:15:04.275Z", "is_superuser": true, "username": "rocky", "first_name": "", "last_name": "", "email": "rockypraxe@gmail.com", "is_staff": true, "is_active": true, "date_joined": "2024-01-10T00:07:59.823Z", "groups": [], "user_permissions": []}}, {"model": "auth.user", "pk": 4, "fields": {"password": "pbkdf2_sha256$260000$HLrgGPSKK3dOR6xLiCa3T8$kmvN4QeFCu56XHRpy2a6MVbJIWhvjcYRRyIpGll91VQ=", "last_login": "2024-01-17T00:45:54.087Z", "is_superuser": true, "username": "Majka", "first_name": "", "last_name": "", "email": "majka@gmail.com", "is_staff": true, "is_active": true, "date_joined": "2024-01-16T01:15:07Z", "groups": [], "user_permissions": []}}, {"model": "auth.user", "pk": 5, "fields": {"password": "pbkdf2_sha256$260000$u9rAAUguaf9avpexC3kCYX$DNvJK6XTC+oaFsIzAwzDi8OjQ5xdWZSD5luIwKGKc8g=", "last_login": "2024-01-17T00:45:40.807Z", "is_superuser": false, "username": "Bobo", "first_name": "", "last_name": "", "email": "bobo@gmail.com", "is_staff": false, "is_active": true, "date_joined": "2024-01-16T01:26:15.930Z", "groups": [], "user_permissions": []}}, {"model": "auth.user", "pk": 12, "fields": {"password": "pbkdf2_sha256$260000$FvxAvVTBbyNdpekklTZGeG$IEZKbk8ept7VHi9D5v/09oJOqljixRfXgPDcAcIwvxk=", "last_login": "2024-01-23T17:11:30.679Z", "is_superuser": false, "username": "dario", "first_name": "", "last_name": "", "email": "dario@gmail.com", "is_staff": false, "is_active": true, "date_joined": "2024-01-23T17:10:31.189Z", "groups": [], "user_permissions": []}}, {"model": "auth.user", "pk": 13, "fields": {"password": "pbkdf2_sha256$260000$VWGLFJ8xPYJhoiNd0qkGLu$6GTFUzCJdyP2ldztybvbrvyknU9d4wwDoGMOEPFCr5c=", "last_login": "2024-01-24T00:51:09.360Z", "is_superuser": false, "username": "hewi", "first_name": "", "last_name": "", "email": "hewiyed887@konican.com", "is_staff": false, "is_active": true, "date_joined": "2024-01-24T00:48:29.563Z", "groups": [], "user_permissions": []}}, {"model": "auth.user", "pk": 14, "fields": {"password": "pbkdf2_sha256$260000$EqdlyoJYnsSgJb1tVPRHZj$Zjao8eWc1iTvQV6R8Xg8GzREswgd2KZTPu2MugkzcIs=", "last_login": "2024-01-24T14:56:31.433Z", "is_superuser": false, "username": "bahi", "first_name": "", "last_name": "", "email": "bahiv20928@ikuromi.com", "is_staff": false, "is_active": true, "date_joined": "2024-01-24T14:55:08.212Z", "groups": [], "user_permissions": []}}, {"model": "sessions.session", "pk": "0gcpep55j9774pnzt6zgav7odl3kj9tz", "fields": {"session_data": ".eJxVjMsOwiAUBf-FtSE8C3bp3m8gF7hY1ICBNtEY_11rutDtmTnzJA6WeXJLx-ZyJCPhZPe7eQgXLCuIZyinSkMtc8uergrdaKfHGvF62Ny_wAR9-ryHuB-SBsCEEqXxPgVhIpMMEBQ3QgUUCS2AMhqt0koGLoOxoEQSTH6jHXvPtTi833J7kJG93sVuP8M:1rSey0:XCGodHrRSPvw6emx2pPAxnJklwWg6RJpW6PqOdfQ9yw", "expire_date": "2024-02-07T15:15:04.333Z"}}, {"model": "sessions.session", "pk": "44265f9rg2bunjsla001m1x8ip73ogu3", "fields": {"session_data": "eyJfc2Vzc2lvbl9leHBpcnkiOjB9:1rPY3Z:likp8YsWCbrbzd_HlOmM_jPMM7xSNToKnsVTjwKvrGM", "expire_date": "2024-01-30T01:15:57.693Z"}}, {"model": "sessions.session", "pk": "4atu590k9nq4221r6oawuzev8ec6hcur", "fields": {"session_data": "e30:1rPXnX:2FsjDb1DCDymBHmQbWHrqDzRpcWuxnrVhdRasZLSF7c", "expire_date": "2024-01-30T00:59:23.862Z"}}, {"model": "sessions.session", "pk": "4puzoimzsaeiu5qnm14hsnay0hct3xvb", "fields": {"session_data": "e30:1rPY1a:0eooe3IYvkaYh2eVKQ1LNsW4OVT8ZrFbm90EYu4Owjg", "expire_date": "2024-01-30T01:13:54.107Z"}}, {"model": "sessions.session", "pk": "a5hgg1tey74c8kf75gjaqgvpxkezlbp9", "fields": {"session_data": "e30:1rPY2A:EZp8vKLy-Y_Wqkpfo5WOZ1zXijcCzHf2K16sqiJk1Gs", "expire_date": "2024-01-30T01:14:30.487Z"}}, {"model": "sessions.session", "pk": "b7mrwy1cn6bok7ylhdoepczdca9wbcm8", "fields": {"session_data": "e30:1rPY3m:s2AUXk58FH47NwzZuVhNW4_r2JXzJYfF9ove-2rPzJA", "expire_date": "2024-01-30T01:16:10.293Z"}}, {"model": "sessions.session", "pk": "efy9zd59o3m45k1y3pf7ahiose5prhtr", "fields": {"session_data": "eyJfc2Vzc2lvbl9leHBpcnkiOjEyMDk2MDB9:1rPXnS:jkR1gtLoZp-TSGRBsLDOeMKV9NbKm27XC_QAWWlAShc", "expire_date": "2024-01-30T00:59:18.944Z"}}, {"model": "sessions.session", "pk": "ph885ob7k6o1wq54vr3asyr3tuiulg2l", "fields": {"session_data": ".eJxVjEEOwiAQRe_C2pAphVK6dO8ZyJQZLGrAlDbRGO-uTbrQ7X_vv5fwuC6TXyvPPpEYhBaH323EcOW8AbpgPhcZSl7mNMpNkTut8lSIb8fd_QtMWKfv2wG1zpgAEbTiptVj7EPnDCtQBK1tIPbUY8u2M2DBBUKLhpTGQE2IvEUr15pK9vy4p_kpBnh_AG1kPwY:1rPu42:N0P4hiEyC0_VhiUhqrlnG1GfT6tXKOgVbmi3ya94Cu4", "expire_date": "2024-01-31T00:45:54.137Z"}}, {"model": "sessions.session", "pk": "tziilcz0g4d7stgsls2ekmddyfg8wqsl", "fields": {"session_data": "e30:1rPY35:i6gQPMDSXa1aRJnwCDZbjCJSYuZRlti42tGYBsbfwZE", "expire_date": "2024-01-30T01:15:27.198Z"}}, {"model": "sites.site", "pk": 1, "fields": {"domain": "example.com", "name": "example.com"}}, {"model": "account.emailaddress", "pk": 1, "fields": {"user": 1, "email": "rockypraxe@gmail.com", "verified": true, "primary": false}}, {"model": "account.emailaddress", "pk": 2, "fields": {"user": 4, "email": "majka@gmail.com", "verified": true, "primary": false}}, {"model": "account.emailaddress", "pk": 3, "fields": {"user": 5, "email": "bobo@gmail.com", "verified": true, "primary": true}}, {"model": "account.emailaddress", "pk": 10, "fields": {"user": 12, "email": "dario@gmail.com", "verified": true, "primary": true}}, {"model": "account.emailaddress", "pk": 11, "fields": {"user": 13, "email": "hewiyed887@konican.com", "verified": true, "primary": true}}, {"model": "account.emailaddress", "pk": 12, "fields": {"user": 14, "email": "bahiv20928@ikuromi.com", "verified": true, "primary": true}}, {"model": "home.contact_form", "pk": 1, "fields": {"reason": "complaint", "email": "filipio.svanda@gmail.com", "subject": "test", "message": "test", "submission_date": "2024-01-24T00:38:10.319Z"}}, {"model": "home.contact_form", "pk": 2, "fields": {"reason": "complaint", "email": "test@gmail.com", "subject": "test", "message": "test", "submission_date": "2024-01-24T00:38:52.912Z"}}, {"model": "home.contact_form", "pk": 3, "fields": {"reason": "order", "email": "bahiv20928@ikuromi.com", "subject": "test", "message": "testing", "submission_date": "2024-01-24T15:06:09.767Z"}}, {"model": "products.category", "pk": 1, "fields": {"name": "gym_man", "label": "Gym Men's"}}, {"model": "products.category", "pk": 2, "fields": {"name": "mma", "label": "MMA"}}, {"model": "products.category", "pk": 3, "fields": {"name": "clearance", "label": "Clearance"}}, {"model": "products.category", "pk": 4, "fields": {"name": "deals", "label": "Deals"}}, {"model": "products.category", "pk": 5, "fields": {"name": "gym_women", "label": "Gym Women's"}}, {"model": "products.category", "pk": 6, "fields": {"name": "workout", "label": "Workout"}}, {"model": "products.category", "pk": 7, "fields": {"name": "box", "label": "BOX"}}, {"model": "products.category", "pk": 8, "fields": {"name": "new_arrivals", "label": "New Arrivals"}}, {"model": "products.product", "pk": 1, "fields": {"category": 7, "sku": "BOX1111111", "name": "Venum Boxing Gloves Contender 2.0", "description": "With a modern design, the Venum Contender Boxing Glove 2.0 generation offers the perfect combination of compactness and practicality. With new injection padding and a better finish, the Contender 2.0 gloves will give you the self-confidence to increase your performance.", "has_sizes": true, "price": "47.00", "rating": "4.60", "image_url": null, "image": "box_black.jpg"}}, {"model": "products.product", "pk": 2, "fields": {"category": 7, "sku": "BOX1111112", "name": "Venum Dragon's Flight Boxing Gloves - Black/Bronze", "description": "Dragon's Flight Boxing Gloves are perfect for Boxing or Muay Thai. Designed with triple density foam, they absorb impact perfectly and effectively protect your hands and wrist. Comfort is also a key point, with an excellent grip and an effective velcro closure system. Aesthetically, the rendering of the Asian Dragon is simply breathtaking. A stylish choice for your workouts!", "has_sizes": true, "price": "89.00", "rating": "4.80", "image_url": "media/box_gold.jpg", "image": "box_gold.jpg"}}, {"model": "products.product", "pk": 3, "fields": {"category": 4, "sku": "GF1111113", "name": "Nike Tour Classic 4 Men's Golf Glove", "description": "Made from soft leather, this left-handed golf glove is designed for an excellent fit and premium durability. Extra breathable with more perforations at the fingers and the back of the hand than previous versions, this glove is comfortable enough for long days on the green.", "has_sizes": true, "price": "34.00", "rating": "5.00", "image_url": "media/nike_white_deals.webp", "image": "nike_white_deals.webp"}}, {"model": "products.product", "pk": 4, "fields": {"category": 8, "sku": "GF1111114", "name": "Ping Mens Tour Golf Glove", "description": "Pre-curved fingers engineered for a natural fit & feel Solite® Premium Cabretta Leather with Micro-Pur™ technology is engineered for the ultimate in feel, softness and performance. ", "has_sizes": true, "price": "45.00", "rating": "4.70", "image_url": "media/ping_white_new.jpg", "image": "ping_white_new.jpg"}}, {"model": "products.product", "pk": 5, "fields": {"category": 5, "sku": "GYM1111115", "name": "RDX F6 Fitness Gloves", "description": "Camouflaged in grip and strength the Sublimation F6 Gloves were made for you to get the best grip in all your gym work. Designed with one thing in mind, to give you the utmost comfort you could imagine from a grueling and teeth grinding workout to lifting heavy weights. Our latest in weight lifting patent pending gym gloves are designed for easy to wear, powerful in grip and highly practical use.", "has_sizes": true, "price": "18.00", "rating": "5.00", "image_url": "media/rdx_camo.png", "image": "rdx_camo.png"}}, {"model": "products.product", "pk": 6, "fields": {"category": 6, "sku": "WRK1111116", "name": "RDX Weight Lifting Gloves Gym Workout", "description": "Full Finger Touch Screen, Breathable Anti Slip Padded Palm Protection, Fitness Strength Training Powerlifting HIIT WOD Exercise. NON-SLIP SILICONE GRIP WITH FOAM is strategically fixed in the palm area to provide support by improving grip. The foam lessens the brunt of force to the palms by buffering the impact from the apparatus.", "has_sizes": true, "price": "18.00", "rating": "4.10", "image_url": "media/rdx_crosfit_women.jpg", "image": "rdx_crosfit_women.jpg"}}, {"model": "products.product", "pk": 7, "fields": {"category": 6, "sku": "WRK1111118", "name": "Reebok Mens CrossFit Training Gloves Grey Camo", "description": "Reebok CrossFit training gloves designed to enhance grip and comfort. Features mesh and laser-cut holes to the backhand to manage heat and moisture and forehand padding for comfort.", "has_sizes": true, "price": "44.00", "rating": "4.90", "image_url": "media/reebok_crosfit_grey_camo.jpg", "image": "reebok_crosfit_grey_camo.jpg"}}, {"model": "products.product", "pk": 8, "fields": {"category": 6, "sku": "WRK1111118", "name": "Reebok Men's Crossfit Gloves White", "description": "Reebok has become a leader in CrossFit innovation and Reebok Men’s CrossFit Gloves are no exception.  Dozens of CrossFit athletes protected their hands at this years Reebok CrossFit Games with Reebok CrossFit Gloves.  Version 2 of Reebok’s Men’s CrossFit Gloves are best for any and all CrossFit movements, especially those that damage hands easily.  The are built for endurance, but aren’t bulky like other traditional gym gloves.", "has_sizes": true, "price": "45.00", "rating": "4.80", "image_url": "media/reebok_crosfit_white.jpg", "image": "reebok_crosfit_white.jpg"}}, {"model": "products.product", "pk": 9, "fields": {"category": 6, "sku": "WRK1111119", "name": "Reebok Women's Crossfit Gloves ", "description": "Your WOD has met its equal, Reebok CrossFit Gloves will protect your hands from any CrossFit workout you can throw at them.  These new and improved Reebok CrossFit Gloves, will give you some of the most natural feeling workouts next to bare hands.  Perforated sheepskin leather and double reinforced high impact zones, on the thumb and palm which makes for one of the most durable gloves on the market.", "has_sizes": true, "price": "30.00", "rating": "4.40", "image_url": "media/reebok_crosfit_women.jpg", "image": "reebok_crosfit_women.jpg"}}, {"model": "products.product", "pk": 10, "fields": {"category": 5, "sku": "GYW1111121", "name": "Reebok Fitness Women's Pink L Fitness Gloves", "description": "Fit for any training regime, Reebok Fitness Gloves deliver comfort and grip for top performance. Made from breathable Lycra with an Amara suede palm, the gloves combine protection with a natural feel for weighted and bodyweight workouts.", "has_sizes": true, "price": "15.00", "rating": "4.80", "image_url": "media/reebok_pink.jpg", "image": "reebok_pink.jpg"}}, {"model": "products.product", "pk": 11, "fields": {"category": 1, "sku": "GYM1111131", "name": "Reebok Men's Weight Lifting Workout Gloves", "description": "Reebok Men's Performance Weightlifting Gloves protect and strengthen your fingers, hands, and palms so you can take your workout to the next level. The light, padded material provides extra comfort and reduces calluses, rips, and tears during high intensity workouts.", "has_sizes": true, "price": "15.00", "rating": "4.70", "image_url": "media/reebok_soft.jpg", "image": "reebok_soft.jpg"}}, {"model": "products.product", "pk": 12, "fields": {"category": 1, "sku": "GYM1111141", "name": "Reebok Men's Leather Lifting Gloves", "description": "Reebok Men's Leather Lifting Gloves protect and strengthen your fingers, hands, and palms so you can take your workout to the next level. The light, padded material provides extra comfort and reduces calluses, rips, and tears during high intensity workouts.", "has_sizes": true, "price": "30.00", "rating": "4.90", "image_url": "media/reebok_strong.jpg", "image": "reebok_strong.jpg"}}, {"model": "products.product", "pk": 13, "fields": {"category": 3, "sku": "CLE1111151", "name": "Mountain Bike Gloves Rockrider", "description": "Make your hands comfortable and tough! They cover the entire hand - a must for mountain biking. Touchscreen-compatible, pairable gloves with foam padding on the palm.", "has_sizes": false, "price": "25.00", "rating": "4.60", "image_url": "media/rockrider_orange_clearance.jpg", "image": "rockrider_orange_clearance.jpg"}}, {"model": "products.product", "pk": 14, "fields": {"category": 2, "sku": "MMA1111161", "name": "Sparring Gloves Venum Challenger 3.0 - Black/Gold", "description": "Venum Challenger 3.0 sparring gloves are particularly suitable for regular MMA training. These Venum sparring gloves have a high quality injected foam which offers optimal shock absorption, for better protection of the fighter and his opponent. The shape of the Challenger 3.0 sparring gloves facilitates the execution of grappling techniques. A neoprene interior helps the sweat evacuation for more comfort during the fight. Finally, the Challenger 3.0sparring gloves have a large Velcro closure system which ensures effective wrist support, to avoid any risk of injury.", "has_sizes": true, "price": "51.00", "rating": "5.00", "image_url": "media/venom_gold_black.webp", "image": "venom_gold_black.webp"}}, {"model": "products.product", "pk": 15, "fields": {"category": 2, "sku": "MMA1111171", "name": "Sparring Gloves Venum Challenger 3.0 - White/Black/Gold", "description": "Venum Challenger 3.0 sparring gloves are particularly suitable for regular MMA training. These Venum sparring gloves have a high quality injected foam which offers optimal shock absorption, for better protection of the fighter and his opponent. The shape of the Challenger 3.0 sparring gloves facilitates the execution of grappling techniques. A neoprene interior helps the sweat evacuation for more comfort during the fight. Finally, the Challenger 3.0sparring gloves have a large Velcro closure system which ensures effective wrist support, to avoid any risk of injury.", "has_sizes": true, "price": "51.00", "rating": "5.00", "image_url": "media/venom_gold_white.webp", "image": "venom_gold_white.webp"}}, {"model": "products.product", "pk": 16, "fields": {"category": 2, "sku": "MMA1111181", "name": "Venum Impact 2.0 MMA Gloves - Black/White", "description": "The Venum Impact 2.0 leather MMA gloves from Skintex are ergonomic, comfortable and high quality. The triple density foam keeps your hand safe from shock waves. Their curved shape fits perfectly the shape of the hand. You'll have a better fit for greater hitting power. The Venum Impact 2.0 MMA glove closure system provides a better fit. A one-handed closure is possible.", "has_sizes": true, "price": "56.00", "rating": "5.00", "image_url": "media/venom_light_black.webp", "image": "venom_light_black.webp"}}, {"model": "products.product", "pk": 17, "fields": {"category": 2, "sku": "MMA1111191", "name": "Venum Impact 2.0 MMA Gloves - Black/Gold", "description": "The Venum Impact 2.0 leather MMA gloves from Skintex are ergonomic, comfortable and high quality. The triple density foam keeps your hand safe from shock waves. Their curved shape fits perfectly the shape of the hand. You'll have a better fit for greater hitting power. The Venum Impact 2.0 MMA glove closure system provides a better fit. A one-handed closure is possible.", "has_sizes": true, "price": "56.00", "rating": "5.00", "image_url": "media/venom_light_gold.webp", "image": "venom_light_gold.webp"}}, {"model": "checkout.order", "pk": 3, "fields": {"order_number": "A236D98728C9446F9D4F4CC4E9E325D8", "user_profile": null, "full_name": "Filip Svanda", "email": "rockypraxe@gmail.com", "phone_number": "0834563627", "country": "US", "postcode": "F28KP57", "town_or_city": "Westport", "street_address1": "7 Woodpark avenue", "street_address2": null, "county": "Mayo", "date": "2024-01-15T21:13:49.778Z", "delivery_cost": "0.00", "order_total": "89.00", "grand_total": "89.00", "original_bag": "", "stripe_pid": ""}}, {"model": "checkout.order", "pk": 4, "fields": {"order_number": "6B625FCD0D774273A86980C38E63669E", "user_profile": null, "full_name": "Filip Svanda", "email": "rockypraxe@gmail.com", "phone_number": "0834563627", "country": "US", "postcode": "F28KP57", "town_or_city": "Westport", "street_address1": "7 Woodpark avenue", "street_address2": null, "county": "Mayo", "date": "2024-01-15T21:21:23.566Z", "delivery_cost": "0.00", "order_total": "51.00", "grand_total": "51.00", "original_bag": "", "stripe_pid": ""}}, {"model": "checkout.order", "pk": 5, "fields": {"order_number": "184C043C30094946941A0CA1A35C94A1", "user_profile": null, "full_name": "Filip Svanda", "email": "rockypraxe@gmail.com", "phone_number": "0834563627", "country": "US", "postcode": "F28KP57", "town_or_city": "Westport", "street_address1": "7 Woodpark avenue", "street_address2": null, "county": "Mayo", "date": "2024-01-15T22:33:34.634Z", "delivery_cost": "0.00", "order_total": "126.00", "grand_total": "126.00", "original_bag": "", "stripe_pid": ""}}, {"model": "checkout.order", "pk": 6, "fields": {"order_number": "3F318621E3174F1689BD49E84BA9D0CB", "user_profile": null, "full_name": "Filip Svanda", "email": "rockypraxe@gmail.com", "phone_number": "0834563627", "country": "IE", "postcode": "F28KP57", "town_or_city": "Westport", "street_address1": "7 Woodpark avenue", "street_address2": null, "county": "Mayo", "date": "2024-01-15T23:18:24.433Z", "delivery_cost": "0.00", "order_total": "56.00", "grand_total": "56.00", "original_bag": "{\"16\": {\"items_by_size\": {\"m\": 1}}}", "stripe_pid": "pi_3OYzOvKS855sDboy0dc09Y0p"}}, {"model": "checkout.order", "pk": 7, "fields": {"order_number": "9E0CF66696A54CFB9320FE9F1D81843C", "user_profile": 5, "full_name": "Filip Svanda", "email": "rockypraxe@gmail.com", "phone_number": "0834563627", "country": "IE", "postcode": "F28KP57", "town_or_city": "Westport", "street_address1": "7 Woodpark avenue", "street_address2": null, "county": "Mayo", "date": "2024-01-16T18:00:25.849Z", "delivery_cost": "0.00", "order_total": "51.00", "grand_total": "51.00", "original_bag": "{\"15\": {\"items_by_size\": {\"m\": 1}}}", "stripe_pid": "pi_3OZGvBKS855sDboy014mbj8r"}}, {"model": "checkout.order", "pk": 8, "fields": {"order_number": "358A7AF718A24F09A3D92A014C30509A", "user_profile": 5, "full_name": "test", "email": "bobo@gmail.com", "phone_number": "0834563627", "country": "IE", "postcode": "F28KP57", "town_or_city": "Westport", "street_address1": "7 Woodpark avenue", "street_address2": null, "county": "Mayo", "date": "2024-01-16T18:12:12.856Z", "delivery_cost": "0.00", "order_total": "75.00", "grand_total": "75.00", "original_bag": "{\"10\": {\"items_by_size\": {\"m\": 5}}}", "stripe_pid": "pi_3OZH78KS855sDboy0Fdkwz4i"}}, {"model": "checkout.order", "pk": 9, "fields": {"order_number": "B0630239EAE2408AAD9B4CDD77955E92", "user_profile": 5, "full_name": "testttt", "email": "bobo@gmail.com", "phone_number": "0834563627", "country": "IE", "postcode": "F28KP57", "town_or_city": "Westport", "street_address1": "7 Woodpark avenue", "street_address2": null, "county": "Mayo", "date": "2024-01-16T18:43:31.856Z", "delivery_cost": "0.00", "order_total": "120.00", "grand_total": "120.00", "original_bag": "{\"9\": {\"items_by_size\": {\"m\": 4}}}", "stripe_pid": "pi_3OZHbEKS855sDboy0lBOkChZ"}}, {"model": "checkout.order", "pk": 10, "fields": {"order_number": "B8E02AE3489142658E5587D85FF6AF97", "user_profile": 4, "full_name": "mariaa", "email": "majka@gmail.com", "phone_number": "083123456", "country": "UG", "postcode": "83106", "town_or_city": "1", "street_address1": "1", "street_address2": "1", "county": "1", "date": "2024-01-16T18:46:40.609Z", "delivery_cost": "0.00", "order_total": "51.00", "grand_total": "51.00", "original_bag": "{\"15\": {\"items_by_size\": {\"m\": 1}}}", "stripe_pid": "pi_3OZHeBKS855sDboy1qEVLmnK"}}, {"model": "checkout.order", "pk": 11, "fields": {"order_number": "D0528A96F19945A4A7E21F1946F4D9E4", "user_profile": 4, "full_name": "tester", "email": "majka@gmail.com", "phone_number": "083123456", "country": "UG", "postcode": "83106", "town_or_city": "1", "street_address1": "1", "street_address2": "1", "county": "1", "date": "2024-01-16T18:49:17.642Z", "delivery_cost": "0.00", "order_total": "51.00", "grand_total": "51.00", "original_bag": "{\"14\": {\"items_by_size\": {\"m\": 1}}}", "stripe_pid": "pi_3OZHh3KS855sDboy0RwIoudI"}}, {"model": "checkout.order", "pk": 12, "fields": {"order_number": "BAB4BDD564CF49EC8CA688267FA551A0", "user_profile": 4, "full_name": "mariaa", "email": "majka@gmail.com", "phone_number": "0831234567", "country": "IE", "postcode": "83106", "town_or_city": "1", "street_address1": "1", "street_address2": "1", "county": "1", "date": "2024-01-16T18:54:10.768Z", "delivery_cost": "0.00", "order_total": "56.00", "grand_total": "56.00", "original_bag": "{\"16\": {\"items_by_size\": {\"m\": 1}}}", "stripe_pid": "pi_3OZHlJKS855sDboy1O7I0oRW"}}, {"model": "checkout.order", "pk": 13, "fields": {"order_number": "E23992074B4D44979B549D5C2AF1ACCD", "user_profile": 3, "full_name": "Filip", "email": "rockypraxe@gmail.com", "phone_number": "0834563627", "country": "IE", "postcode": "F28KP57", "town_or_city": "Westport", "street_address1": "7 Woodpark avenue", "street_address2": null, "county": "Mayo", "date": "2024-01-23T11:59:18.761Z", "delivery_cost": "0.00", "order_total": "201.00", "grand_total": "201.00", "original_bag": "{\"2\": {\"items_by_size\": {\"m\": 1}}, \"16\": {\"items_by_size\": {\"m\": 2}}}", "stripe_pid": "pi_3Obid8KS855sDboy0WKfl6Ln"}}, {"model": "checkout.order", "pk": 14, "fields": {"order_number": "5DF2FEA8493947588232F121E236BCF9", "user_profile": 3, "full_name": "Filip Svanda", "email": "rockypraxe@gmail.com", "phone_number": "0834563627", "country": "IE", "postcode": "F28KP57", "town_or_city": "Westport", "street_address1": "7 Woodpark avenue", "street_address2": null, "county": "Mayo", "date": "2024-01-23T17:04:33.587Z", "delivery_cost": "0.00", "order_total": "89.00", "grand_total": "89.00", "original_bag": "{\"2\": {\"items_by_size\": {\"m\": 1}}}", "stripe_pid": "pi_3ObnOdKS855sDboy1Mh30kzi"}}, {"model": "checkout.order", "pk": 15, "fields": {"order_number": "D7F4DA4BA320407595B6A4C5AC57D711", "user_profile": 3, "full_name": "filip", "email": "rockypraxe@gmail.com", "phone_number": "0834563627", "country": "IE", "postcode": "F28KP57", "town_or_city": "Westport", "street_address1": "7 Woodpark avenue", "street_address2": null, "county": "Mayo", "date": "2024-01-24T00:25:39.760Z", "delivery_cost": "0.00", "order_total": "89.00", "grand_total": "89.00", "original_bag": "{\"2\": {\"items_by_size\": {\"m\": 1}}}", "stripe_pid": "pi_3ObuGUKS855sDboy0bqCIuUN"}}, {"model": "checkout.order", "pk": 16, "fields": {"order_number": "83812833D5CA4DBBBBE41F1E4BD2A72D", "user_profile": 13, "full_name": "jojo", "email": "hewiyed887@konican.com", "phone_number": "0831234567", "country": "AW", "postcode": "83106", "town_or_city": "port", "street_address1": "we", "street_address2": "st", "county": null, "date": "2024-01-24T00:54:36.477Z", "delivery_cost": "0.00", "order_total": "210.00", "grand_total": "210.00", "original_bag": "{\"12\": {\"items_by_size\": {\"m\": 7}}}", "stripe_pid": "pi_3Obuj3KS855sDboy0l4gTYQV"}}, {"model": "checkout.orderlineitem", "pk": 4, "fields": {"order": 3, "product": 2, "product_size": "m", "quantity": 1, "lineitem_total": "89.00"}}, {"model": "checkout.orderlineitem", "pk": 5, "fields": {"order": 4, "product": 15, "product_size": "m", "quantity": 1, "lineitem_total": "51.00"}}, {"model": "checkout.orderlineitem", "pk": 6, "fields": {"order": 5, "product": 5, "product_size": "m", "quantity": 7, "lineitem_total": "126.00"}}, {"model": "checkout.orderlineitem", "pk": 7, "fields": {"order": 6, "product": 16, "product_size": "m", "quantity": 1, "lineitem_total": "56.00"}}, {"model": "checkout.orderlineitem", "pk": 8, "fields": {"order": 7, "product": 15, "product_size": "m", "quantity": 1, "lineitem_total": "51.00"}}, {"model": "checkout.orderlineitem", "pk": 9, "fields": {"order": 8, "product": 10, "product_size": "m", "quantity": 5, "lineitem_total": "75.00"}}, {"model": "checkout.orderlineitem", "pk": 10, "fields": {"order": 9, "product": 9, "product_size": "m", "quantity": 4, "lineitem_total": "120.00"}}, {"model": "checkout.orderlineitem", "pk": 11, "fields": {"order": 10, "product": 15, "product_size": "m", "quantity": 1, "lineitem_total": "51.00"}}, {"model": "checkout.orderlineitem", "pk": 12, "fields": {"order": 11, "product": 14, "product_size": "m", "quantity": 1, "lineitem_total": "51.00"}}, {"model": "checkout.orderlineitem", "pk": 13, "fields": {"order": 12, "product": 16, "product_size": "m", "quantity": 1, "lineitem_total": "56.00"}}, {"model": "checkout.orderlineitem", "pk": 14, "fields": {"order": 13, "product": 2, "product_size": "m", "quantity": 1, "lineitem_total": "89.00"}}, {"model": "checkout.orderlineitem", "pk": 15, "fields": {"order": 13, "product": 16, "product_size": "m", "quantity": 2, "lineitem_total": "112.00"}}, {"model": "checkout.orderlineitem", "pk": 16, "fields": {"order": 14, "product": 2, "product_size": "m", "quantity": 1, "lineitem_total": "89.00"}}, {"model": "checkout.orderlineitem", "pk": 17, "fields": {"order": 15, "product": 2, "product_size": "m", "quantity": 1, "lineitem_total": "89.00"}}, {"model": "checkout.orderlineitem", "pk": 18, "fields": {"order": 16, "product": 12, "product_size": "m", "quantity": 7, "lineitem_total": "210.00"}}, {"model": "profiles.userprofile", "pk": 3, "fields": {"user": 1, "default_phone_number": null, "default_street_address1": null, "default_street_address2": null, "default_town_or_city": null, "default_county": null, "default_postcode": null, "default_country": null, "first_name": "Ong", "last_name": "Bag", "bio": "Ready to fight !", "profile_picture": "userprofile/post_fight_2_59EZIPQ.jpg"}}, {"model": "profiles.userprofile", "pk": 4, "fields": {"user": 4, "default_phone_number": "0831234567", "default_street_address1": "1", "default_street_address2": "1", "default_town_or_city": "1", "default_county": "1", "default_postcode": "83106", "default_country": "IE", "first_name": "", "last_name": "", "bio": "Currently no bio", "profile_picture": ""}}, {"model": "profiles.userprofile", "pk": 5, "fields": {"user": 5, "default_phone_number": "0834563627", "default_street_address1": "7 Woodpark avenue", "default_street_address2": null, "default_town_or_city": "Westport", "default_county": "Mayo", "default_postcode": "F28KP57", "default_country": "IE", "first_name": "", "last_name": "", "bio": "Currently no bio", "profile_picture": ""}}, {"model": "profiles.userprofile", "pk": 12, "fields": {"user": 12, "default_phone_number": null, "default_street_address1": null, "default_street_address2": null, "default_town_or_city": null, "default_county": null, "default_postcode": null, "default_country": null, "first_name": "", "last_name": "", "bio": "Currently no bio", "profile_picture": ""}}, {"model": "profiles.userprofile", "pk": 13, "fields": {"user": 13, "default_phone_number": "0831234567", "default_street_address1": "we", "default_street_address2": "st", "default_town_or_city": "port", "default_county": null, "default_postcode": "83106", "default_country": "AW", "first_name": "", "last_name": "", "bio": "Currently no bio", "profile_picture": ""}}, {"model": "profiles.userprofile", "pk": 14, "fields": {"user": 14, "default_phone_number": null, "default_street_address1": null, "default_street_address2": null, "default_town_or_city": null, "default_county": null, "default_postcode": null, "default_country": null, "first_name": "", "last_name": "", "bio": "Currently no bio", "profile_picture": ""}}, {"model": "blog.post", "pk": 1, "fields": {"title": "The Importance of Using Gloves in the Gym", "slug": "the-importance-of-using-gloves-in-the-gym", "excerpt": "", "content": "<div><div><font color=\"#000000\" face=\"Helvetica\"><span style=\"white-space-collapse: preserve;\">Engaging in regular workouts at the gym is a commendable endeavor for maintaining good health and fitness. To enhance the gym experience and ensure both safety and effectiveness, individuals often turn to various accessories. One such accessory that stands out for its importance is gym gloves. In this article, we'll explore the reasons why using gloves in the gym is not just a matter of preference but can contribute significantly to a more comfortable and productive workout.</span></font></div><div><font color=\"#000000\" face=\"Helvetica\"><span style=\"white-space-collapse: preserve;\"><br></span></font></div><div><font color=\"#000000\" face=\"Helvetica\"><span style=\"white-space-collapse: preserve;\">Grip and Stability:</span></font></div><div><font color=\"#000000\" face=\"Helvetica\"><span style=\"white-space-collapse: preserve;\">Gym gloves provide a superior grip on weightlifting equipment such as dumbbells, barbells, and pull-up bars. Sweaty palms can compromise your grip, leading to accidents or ineffective workouts. With gloves, you can maintain a firm hold, improving stability and reducing the risk of dropping weights.</span></font></div><div><font color=\"#000000\" face=\"Helvetica\"><span style=\"white-space-collapse: preserve;\"><br></span></font></div><div><font color=\"#000000\" face=\"Helvetica\"><span style=\"white-space-collapse: preserve;\">Callus Prevention:</span></font></div><div><font color=\"#000000\" face=\"Helvetica\"><span style=\"white-space-collapse: preserve;\">Regular weightlifting can cause the formation of calluses on the palms. While calluses are the body's natural response to friction, they can become painful and interfere with your workouts. Gym gloves act as a protective barrier, reducing friction and minimizing the development of calluses.</span></font></div><div><font color=\"#000000\" face=\"Helvetica\"><span style=\"white-space-collapse: preserve;\"><br></span></font></div><div><font color=\"#000000\" face=\"Helvetica\"><span style=\"white-space-collapse: preserve;\">Hygiene:</span></font></div><div><font color=\"#000000\" face=\"Helvetica\"><span style=\"white-space-collapse: preserve;\">Gyms are communal spaces where multiple people share equipment throughout the day. Wearing gloves creates a barrier between your hands and gym equipment, reducing the chances of coming into direct contact with germs, bacteria, or viruses. This can be especially important for individuals with sensitive skin or a low tolerance for germs.</span></font></div><div><font color=\"#000000\" face=\"Helvetica\"><span style=\"white-space-collapse: preserve;\"><br></span></font></div><div><font color=\"#000000\" face=\"Helvetica\"><span style=\"white-space-collapse: preserve;\">Wrist Support:</span></font></div><div><font color=\"#000000\" face=\"Helvetica\"><span style=\"white-space-collapse: preserve;\">Many gym gloves come with built-in wrist support, providing additional stability during weightlifting exercises. This feature can be particularly beneficial for individuals who lift heavy weights or have pre-existing wrist issues. Proper wrist support helps maintain proper form and reduces the risk of strains or injuries.</span></font></div><div><font color=\"#000000\" face=\"Helvetica\"><span style=\"white-space-collapse: preserve;\"><br></span></font></div><div><font color=\"#000000\" face=\"Helvetica\"><span style=\"white-space-collapse: preserve;\">Comfort and Reduced Friction:</span></font></div><div><font color=\"#000000\" face=\"Helvetica\"><span style=\"white-space-collapse: preserve;\">The repetitive motion of weightlifting can lead to discomfort or friction on the hands. Gym gloves, often padded and designed with breathable materials, offer a layer of cushioning. This not only enhances comfort but also reduces the likelihood of blisters or sore spots.</span></font></div><div><font color=\"#000000\" face=\"Helvetica\"><span style=\"white-space-collapse: preserve;\"><br></span></font></div><div><font color=\"#000000\" face=\"Helvetica\"><span style=\"white-space-collapse: preserve;\">Versatility:</span></font></div><div><font color=\"#000000\" face=\"Helvetica\"><span style=\"white-space-collapse: preserve;\">Gym gloves are versatile accessories that can be used for various types of workouts, including weightlifting, calisthenics, and cardio exercises. Whether you're lifting weights, doing pull-ups, or using kettlebells, gloves provide consistent protection and support across different activities.</span></font></div><div><font color=\"#000000\" face=\"Helvetica\"><span style=\"white-space-collapse: preserve;\"><br></span></font></div><div><font color=\"#000000\" face=\"Helvetica\"><span style=\"white-space-collapse: preserve;\">Enhanced Confidence:</span></font></div><div><font color=\"#000000\" face=\"Helvetica\"><span style=\"white-space-collapse: preserve;\">Knowing that you have a secure grip and protection for your hands can boost your confidence during workouts. This psychological advantage may encourage individuals to push themselves further, try new exercises, and achieve their fitness goals with greater determination.</span></font></div><div><font color=\"#000000\" face=\"Helvetica\"><span style=\"white-space-collapse: preserve;\"><br></span></font></div><div><font color=\"#000000\" face=\"Helvetica\"><span style=\"white-space-collapse: preserve;\">Conclusion:</span></font></div><div><font color=\"#000000\" face=\"Helvetica\"><span style=\"white-space-collapse: preserve;\">While gym gloves might seem like a small accessory, their impact on your overall gym experience is substantial. From improved grip and hygiene to callus prevention and wrist support, these gloves offer a range of benefits that contribute to a safer, more comfortable, and more effective workout. Consider incorporating gym gloves into your fitness routine to elevate your gym sessions and maximize the benefits of your hard work.</span></font></div></div><div><font face=\"Arial Black\" color=\"#ffffff\"><span style=\"font-size: 16px; white-space-collapse: preserve; background-color: rgb(0, 0, 0);\">\r\n</span></font></div>", "featured_image": "userprofile/logo_8okKoRr.jpg", "author": 1, "created_on": "2024-01-22T22:01:43.266Z", "updated_on": "2024-01-24T15:08:22.767Z", "status": 1}}, {"model": "blog.post", "pk": 2, "fields": {"title": "Unveiling the Essential Gear: Boxing Gloves", "slug": "unveiling-the-essential-gear-boxing-gloves", "excerpt": "", "content": "<p><font color=\"#000000\" style=\"background-color: rgb(255, 255, 255);\"><span style=\"font-family: Helvetica;\">﻿</span><span style=\"font-family: Helvetica;\">Stepping into the world of boxing involves more than just throwing punches; it requires the right gear to ensure both safety and optimal performance. Among the key components of a boxer's toolkit, boxing gloves stand out as a fundamental accessory. In this brief guide, we'll explore the significance of boxing gloves, shedding light on their purpose, types, and the importance of choosing the right pair for your training needs.</span></font></p><p><font style=\"background-color: rgb(255, 255, 255);\" color=\"#000000\"><br></font></p><p><span style=\"font-family: Helvetica; background-color: rgb(255, 255, 255);\"><font color=\"#000000\">Purpose of Boxing Gloves:</font></span></p><p><span style=\"font-family: Helvetica; background-color: rgb(255, 255, 255);\"><font color=\"#000000\">Boxing gloves serve a dual purpose in the ring—protection and performance enhancement. Their primary function is to safeguard the hands and wrists of the boxer, reducing the risk of injuries during training or competition. Additionally, gloves provide a level playing field by ensuring fair and controlled impact between opponents.</font></span></p><p><span style=\"font-family: Helvetica; background-color: rgb(255, 255, 255);\"><font color=\"#000000\">Types of Boxing Gloves:</font></span></p><p><span style=\"font-family: Helvetica; background-color: rgb(255, 255, 255);\"><font color=\"#000000\">Boxing gloves come in various types, each designed for specific purposes within the sport. Common types include:</font></span></p><p><span style=\"font-family: Helvetica; background-color: rgb(255, 255, 255);\"><font color=\"#000000\">Training Gloves: Ideal for everyday workouts, these gloves offer ample padding and wrist support.</font></span></p><p><span style=\"font-family: Helvetica; background-color: rgb(255, 255, 255);\"><font color=\"#000000\">Sparring Gloves: Specifically designed for sparring sessions, these gloves strike a balance between protection and impact to simulate real fight conditions.</font></span></p><p><span style=\"font-family: Helvetica; background-color: rgb(255, 255, 255);\"><font color=\"#000000\">Bag Gloves: Lighter and with less padding, these gloves are suitable for heavy bag and speed bag workouts.</font></span></p><p><span style=\"font-family: Helvetica; background-color: rgb(255, 255, 255);\"><font color=\"#000000\">Competition Gloves: Rigorously regulated for official matches, competition gloves are often lighter and have a more compact design.</font></span></p><p><span style=\"font-family: Helvetica; background-color: rgb(255, 255, 255);\"><font color=\"#000000\">Construction and Materials:</font></span></p><p><span style=\"font-family: Helvetica; background-color: rgb(255, 255, 255);\"><font color=\"#000000\">The construction of boxing gloves involves layers of padding to absorb and distribute impact. The outer layer is typically made of leather or synthetic materials, offering durability and flexibility. The inner padding can vary in density and composition, with foam being a common choice for shock absorption.</font></span></p><p><span style=\"font-family: Helvetica; background-color: rgb(255, 255, 255);\"><font color=\"#000000\">Size and Fit:</font></span></p><p><span style=\"font-family: Helvetica; background-color: rgb(255, 255, 255);\"><font color=\"#000000\">Choosing the right size and fit is crucial for effective glove performance. Sizes are measured in ounces (oz), and the right size depends on factors such as hand size, weight, and personal preference. A snug fit ensures proper wrist support and control while avoiding excess movement within the glove.</font></span></p><p><span style=\"font-family: Helvetica; background-color: rgb(255, 255, 255);\"><font color=\"#000000\">Wrist Closure Systems:</font></span></p><p><span style=\"font-family: Helvetica; background-color: rgb(255, 255, 255);\"><font color=\"#000000\">Boxing gloves feature different closure systems, including Velcro straps and lace-ups. Velcro closures provide convenience for quick adjustments, making them popular for training gloves. Lace-up closures offer a more secure and customizable fit, often preferred by professional boxers during competitions.</font></span></p><p><span style=\"font-family: Helvetica; background-color: rgb(255, 255, 255);\"><font color=\"#000000\">Care and Maintenance:</font></span></p><p><span style=\"font-family: Helvetica; background-color: rgb(255, 255, 255);\"><font color=\"#000000\">Proper care of boxing gloves is essential for longevity and hygiene. Allow gloves to air out after each use, use hand wraps to absorb sweat, and occasionally clean the exterior with a damp cloth. Ensuring proper ventilation helps prevent unpleasant odors and the growth of bacteria.</font></span></p><p><span style=\"font-family: Helvetica; background-color: rgb(255, 255, 255);\"><font color=\"#000000\">Conclusion:</font></span></p><p><span style=\"font-family: Helvetica; background-color: rgb(255, 255, 255);\"><font color=\"#000000\">In the world of boxing, gloves are not merely accessories; they are vital tools that safeguard the boxer and enhance their performance. Understanding the purpose, types, construction, sizing, closure systems, and maintenance of boxing gloves is crucial for anyone venturing into the sport. Armed with the right knowledge, aspiring boxers can confidently select the perfect pair of gloves to accompany them on their journey to mastery in the ring.</font></span></p><p><font color=\"#000000\" style=\"background-color: rgb(255, 255, 255);\"><br></font></p><p><font color=\"#000000\" style=\"background-color: rgb(255, 255, 255);\"><br></font></p><p><br></p><p><br></p><p><br></p><p><br></p><p><br></p>", "featured_image": "userprofile/post_fight.jpg", "author": 1, "created_on": "2024-01-22T22:18:09.396Z", "updated_on": "2024-01-24T00:33:09.382Z", "status": 1}}, {"model": "django_summernote.attachment", "pk": 1, "fields": {"name": "gloves_post.jpg", "file": "django-summernote/2024-01-22/077c4c81-71db-4fc6-84f2-c3b0332835cb.jpg", "uploaded": "2024-01-22T22:10:20.425Z"}}, {"model": "django_summernote.attachment", "pk": 2, "fields": {"name": "gloves_post.jpg", "file": "django-summernote/2024-01-22/a5b1232a-1aa7-4a3e-99fa-2369ab3cd8d4.jpg", "uploaded": "2024-01-22T22:11:07.718Z"}}, {"model": "django_summernote.attachment", "pk": 3, "fields": {"name": "post_gloves.jpg", "file": "django-summernote/2024-01-22/451850e2-1443-4c10-9d7b-3dbd6d0ee2c2.jpg", "uploaded": "2024-01-22T22:12:35.462Z"}}, {"model": "django_summernote.attachment", "pk": 4, "fields": {"name": "post_gloves.jpg", "file": "django-summernote/2024-01-22/38cb439d-1afa-429f-a4f3-3d6391636cb0.jpg", "uploaded": "2024-01-22T22:12:48.299Z"}}, {"model": "django_summernote.attachment", "pk": 5, "fields": {"name": "post_fight_2.jpg", "file": "django-summernote/2024-01-22/6bafbef7-deaa-4e2c-b3ea-5c6d207cd1bd.jpg", "uploaded": "2024-01-22T22:18:05.228Z"}}]